,algorithm,dataset,fit_time,score_time,acc,balacc,prec,auc
1,kNNKD,KentRidge_selected,0.001776112,0.000286564,0.870940171,0.849166667,0.881507937,0.884166667
2,kNNKD,GDS3257_selected,0.002332158,0.000168118,1,1,1,1
3,kNNKD,nottermantrans_selected,0.001554648,0.000428742,1,1,1,1
4,kNNKD,Leukemia_selected,0.002221319,0.000243672,0.980952381,0.973333333,1,0.98
5,kNNKD,centralNervous_selected,0.001888355,0.000273892,0.622222222,0.569285714,0.452222222,0.631339286
