,algorithm,dataset,fit_time,score_time,acc,balacc,prec,auc
1,KLN-Min,KentRidge_selected,1.0987606313493516,0.00830673017809468,0.6200854700854701,0.48333333333333334,0.03333333333333333,0.7904166666666667
2,KLN-Min,GDS3257_selected,3.1288382742140026,0.01834070397809782,0.8937950937950939,0.9006565656565656,0.9668376068376069,0.9993939393939395
3,KLN-Min,nottermantrans_selected,0.713669220606486,0.009571229234153843,0.7666666666666665,0.7916666666666666,0.7952380952380953,1.0
4,KLN-Min,Leukemia_selected,1.5138388474782307,0.01021285483866562,0.6663492063492064,0.5199999999999999,0.2,0.7605925925925926
5,KLN-Min,centralNervous_selected,1.1840427716573079,0.008392988310919867,0.6499999999999999,0.5,0.0,0.4336904761904762
